filename,title,duration,bpm,beat_strength,energy,energy_variance,brightness,contrast,dynamic_range,onset_rate,bpm_norm,energy_norm,brightness_norm,onset_rate_norm,beat_strength_norm,intensity_score,warmup_score,cooldown_score,motivation_score,phase,sustain_score,cumulative_time,start_time
"Love Me - Lil Wayne, Drake, Future.m4a","Love Me   Lil Wayne, Drake, Future",264.96290249433105,123.046875,0.20958834886550903,0.688425600528717,0.06661786884069443,0.23840165224051,22.792211748041225,0.26314371824264526,2.702265084129349,0.46218487394957986,0.6217523661366352,0.6085300594976027,0.23168429283508066,0.14336455717672203,0.42141407497533523,0.9785859250246648,0.5785859250246648,0.4542422979003783,warmup,,264.96290249433105,0.0
Caroline - Aminé.m4a,Caroline   Aminé,248.89469387755102,117.45383522727273,0.22117574512958527,0.794161930680275,0.14062674343585968,0.22922206949142646,22.86878596759682,0.7272557616233826,2.4347646410579347,0.4010695187165776,0.7501150196829145,0.560152796274271,0.1506875118867886,0.17874329429260996,0.43718028797143926,0.9628197120285608,0.5628197120285607,0.5005468651798541,warmup,,513.8575963718821,264.96290249433105
"The Motto - Drake, Lil Wayne.m4a","The Motto   Drake, Lil Wayne",242.23056689342403,99.38401442307692,0.298960417509079,0.17626874148845673,0.018523799255490303,0.278539354769294,22.252001701098123,0.0887012854218483,3.104480205138037,0.20361990950226241,0.0,0.8200595215103106,0.3534714931715457,0.416236119517826,0.18139135951169055,0.7813913595116906,0.8186086404883095,0.28359607130569375,build,,756.0881632653061,513.8575963718821
"Love Hurts (feat. Toosii) - Lil Tjay, Toosii.m4a","Love Hurts (feat. Toosii)   Lil Tjay, Toosii",246.89777777777778,92.28515625,0.2230004519224167,0.3521896153688431,0.051023755222558975,0.1796665625110551,24.782798541800265,0.5629778504371643,2.993141561059908,0.12605042016806722,0.21356585908645725,0.29899062029253287,0.319759131195874,0.1843145046375342,0.214812572345935,0.814812572345935,0.785187427654065,0.23442464846205616,build,,1002.9859410430838,756.0881632653061
This Could Be Us - Rae Sremmurd.m4a,This Could Be Us   Rae Sremmurd,298.5853968253968,143.5546875,0.2636941969394684,0.21268881857395172,0.03575553745031357,0.21714537302433562,22.437213757312634,0.1646067202091217,3.2520009696516063,0.6862745098039216,0.04421354259556077,0.49650747166351317,0.39813948291928686,0.3085609940479852,0.3194101033311777,0.9194101033311777,0.6805898966688223,0.2224645901467143,build,,1301.5713378684807,1002.9859410430838
"Ski - Young Stoner Life, Young Thug, Gunna.m4a","Ski   Young Stoner Life, Young Thug, Gunna",154.5055782312925,123.046875,0.37354013323783875,1.0,0.18529009819030762,0.2843789102045082,22.08414264561484,0.6185060739517212,4.427024628043283,0.46218487394957986,1.0,0.8508345270980971,0.753926309942983,0.6439435437582098,0.6910395071235593,0.7089604928764407,0.3089604928764407,0.719582958714755,sustain,0.8281655780782768,1456.0769160997731,1301.5713378684807
20 Min - Lil Uzi Vert.m4a,20 Min   Lil Uzi Vert,220.59972789115648,123.046875,0.4402949810028076,1.0,0.09839705377817154,0.24039726222157504,22.766606479455362,0.5759190320968628,4.768818212319169,0.46218487394957986,1.0,0.6190471115231679,0.8574184004878004,0.8477600143841268,0.7250888947855166,0.6749111052144834,0.27491110521448336,0.6999274147057566,sustain,0.8099208909092472,1676.6766439909297,1456.0769160997734
"Yeah! (feat. Lil Jon & Ludacris) - USHER, Lil Jon, Ludacris.m4a","Yeah! (feat. Lil Jon & Ludacris)   USHER, Lil Jon, Ludacris",252.9814058956916,103.359375,0.4290459156036377,0.9273098409175873,0.06780623644590378,0.3126830495992478,24.38192453464373,0.3656935393810272,3.759169558857274,0.24705882352941178,0.9117550070714063,1.0,0.5517056701452983,0.8134142719509891,0.5770292755071323,0.8229707244928677,0.42297072449286766,0.7363203690700177,sustain,0.7926039316448636,1929.6580498866213,1676.6766439909297
Myron - Lil Uzi Vert.m4a,Myron   Lil Uzi Vert,225.39609977324264,151.99908088235293,0.38039129972457886,1.0,0.15182232856750488,0.26016995431736173,22.954013091447838,0.5458638072013855,4.534239949263418,0.778546712802768,1.0,0.7232510558960497,0.7863901660303154,0.6648615837171102,0.7779929713516709,0.6220070286483291,0.2220070286483291,0.6968067310690416,sustain,0.7868868501007565,2155.054149659864,1929.6580498866213
"Get Dripped (feat. Playboi Carti) - Lil Yachty, Playboi Carti.m4a","Get Dripped (feat. Playboi Carti)   Lil Yachty, Playboi Carti",159.26566893424035,129.19921875,0.2994304299354553,1.0,0.20743532478809357,0.24058823378189242,22.6380033823989,0.7152810096740723,4.3637778602930455,0.5294117647058824,1.0,0.6200535495818659,0.7347757450529435,0.41767116546732214,0.6891941761741504,0.7108058238258497,0.31080582382584965,0.6437828818905553,sustain,0.7819473996039934,2314.319818594104,2155.054149659864
"Off the Wall! - XXXTENTACION, Ski Mask The Slump God.m4a","Off the Wall!   XXXTENTACION, Ski Mask The Slump God",203.50984126984127,143.5546875,0.2857823669910431,1.0,0.1204013004899025,0.24011113614867866,23.166347337665133,0.5070366263389587,4.034202940148754,0.6862745098039216,1.0,0.6175392002463783,0.6349833585190213,0.3760007832652041,0.7057217725529932,0.6942782274470068,0.2942782274470068,0.6378207868456929,sustain,0.7804037630862184,2517.8296598639454,2314.319818594104
Magic - Yung Gravy.m4a,Magic   Yung Gravy,176.00725623582767,107.666015625,0.39800092577934265,1.0,0.20001110434532166,0.2248940222070306,22.723064354861616,0.7330829501152039,4.227098449868074,0.29411764705882354,1.0,0.5373435806003726,0.6933904219513379,0.7186274442005436,0.6418076813108421,0.7581923186891579,0.3581923186891579,0.6666690864318117,sustain,0.7767245243834239,2693.836916099773,2517.8296598639454
oops! - Yung Gravy.m4a,oops!   Yung Gravy,142.50086167800453,129.19921875,0.35029706358909607,1.0,0.15016508102416992,0.21996507697129036,21.19895040579793,0.6458447575569153,3.9999758126934988,0.5294117647058824,1.0,0.5113675762872572,0.6246196854231885,0.5729776052394328,0.6773362909789274,0.7226637090210726,0.32266370902107255,0.6423923406930899,sustain,0.776369920807425,2836.337777777778,2693.836916099773
oui - Jeremih.m4a,oui   Jeremih,238.33977324263037,117.45383522727273,0.33606046438217163,1.0,0.12728513777256012,0.24524526127563992,23.072631871463926,0.6204104423522949,4.048841646826726,0.4010695187165776,1.0,0.6445965218564835,0.6394158301237335,0.5295102991003006,0.6453626385803254,0.7546373614196746,0.3546373614196746,0.6633434901241654,sustain,0.7761511495066293,3074.677551020408,2836.337777777778
"Hit 'Em Up - Single Version - 2Pac, Outlawz.m4a","Hit 'Em Up   Single Version   2Pac, Outlawz",269.86231292517004,95.703125,0.3782871961593628,1.0,0.08457741886377335,0.20961548576525962,23.009909352876495,0.4437290132045746,5.239709037816211,0.16339869281045752,1.0,0.45682425860998954,1.0,0.6584373167634404,0.666507112434487,0.733492887565513,0.333492887565513,0.6426797301857431,sustain,0.7722106830852407,3344.539863945578,3074.677551020408
Backseat Freestyle - Kendrick Lamar.m4a,Backseat Freestyle   Kendrick Lamar,284.5837641723356,151.99908088235293,0.1940547078847885,0.580083467066288,0.07430607825517654,0.21810651844580511,23.049513530613755,0.26413384079933167,2.645969639870268,0.778546712802768,0.4902262982073934,0.5015727983043098,0.21463852754704987,0.09593711202985435,0.4479545296596473,0.9520454703403527,0.5520454703403527,0.3740269620977347,cooldown,,3629.1236281179135,3344.539863945578
"Space Cadet (feat. Gunna) - Metro Boomin, Gunna.m4a","Space Cadet (feat. Gunna)   Metro Boomin, Gunna",214.36662131519273,107.666015625,0.3036380410194397,0.7964710146188736,0.10644377022981644,0.19095622836820034,23.878746639467597,0.4280250668525696,3.092832251272747,0.29411764705882354,0.7529182202592422,0.35848821967188427,0.3499445952087232,0.4305178795205631,0.46776731610107325,0.9322326838989268,0.5322326838989268,0.4943201484458496,cooldown,,3843.4902494331063,3629.1236281179135
"Daddy (feat. Rich The Kid) - Blueface, Rich The Kid.m4a","Daddy (feat. Rich The Kid)   Blueface, Rich The Kid",182.41596371882085,107.666015625,0.3304558992385864,0.6477586179971695,0.07820888608694077,0.1911447090167583,23.718868970397065,0.39952465891838074,4.215639817496181,0.29411764705882354,0.5723831305864006,0.3594815303916666,0.6899208488712462,0.5123983929960367,0.47793885709191264,0.9220611429080874,0.5220611429080874,0.4330319180083281,cooldown,,4025.906213151927,3843.4902494331063
The Hills - The Weeknd.m4a,The Hills   The Weeknd,234.24290249433108,112.34714673913044,0.16263297200202942,1.0,0.15056651830673218,0.16926171506399718,24.378153056715064,0.5583032965660095,2.0918456644032513,0.3452685421994885,1.0,0.24415609703545058,0.046854662429800145,0.0,0.47821466243623806,0.9217853375637619,0.521785337563762,0.5138844082079019,cooldown,,4260.149115646258,4025.9062131519267
