filename,title,duration,bpm,beat_strength,energy,energy_variance,brightness,contrast,dynamic_range,onset_rate
"Tell Em - Cochise, $NOT.m4a","Tell Em   Cochise, $NOT",207.40063492063493,161.4990234375,0.277446448802948,1.0,0.14064174890518188,0.21229231536219334,22.91351474392512,0.5435261130332947,3.7174428144592473
Slum Anthem - K CAMP.m4a,Slum Anthem   K CAMP,171.5025850340136,143.5546875,0.3036901652812958,0.8223161101341248,0.08301243185997009,0.18761259967687083,23.279890226111764,0.40708911418914795,3.766707072502031
GENOCIDE - Lil Darkie.m4a,GENOCIDE   Lil Darkie,632.6378231292517,117.45383522727273,0.18378199636936188,1.0,0.17486576735973358,0.25308555252772835,21.250399327574772,0.773746907711029,3.357371188295288
Money Longer - Lil Uzi Vert.m4a,Money Longer   Lil Uzi Vert,240.62839002267575,135.99917763157896,0.18916529417037964,1.0,0.14729905128479004,0.19223192957831275,23.754026885984597,0.6528118848800659,2.742818500916723
Red Room - Offset.m4a,Red Room   Offset,284.16580498866216,112.34714673913044,0.3187693953514099,1.0,0.11408204585313797,0.1517908314968395,22.39930545714917,0.5683972835540771,4.0504521648757965
"ZEZE (feat. Travis Scott & Offset) - Kodak Black, Offset, Travis Scott.m4a","ZEZE (feat. Travis Scott & Offset)   Kodak Black, Offset, Travis Scott",225.51219954648525,99.38401442307692,0.3537776470184326,1.0,0.15943624079227448,0.17232496823929985,23.43329458313443,0.6001786589622498,4.416612502574135
Myron - Lil Uzi Vert.m4a,Myron   Lil Uzi Vert,225.39609977324264,151.99908088235293,0.38039129972457886,1.0,0.15182232856750488,0.26016995431736173,22.954013091447838,0.5458638072013855,4.534239949263418
"MISS THE RAGE - XAE.Miami, Mario Judah.m4a","MISS THE RAGE   XAE.Miami, Mario Judah",236.90013605442178,151.99908088235293,0.39103609323501587,1.0,0.2660176455974579,0.23494161189954876,22.25254709501195,0.8582400679588318,4.567325363424182
GOSHA - $NOT.m4a,GOSHA   $NOT,122.64780045351473,80.74951171875,0.49015727639198303,0.879899337887764,0.16573868691921234,0.17516134830500482,21.742290356266746,0.7889153957366943,3.489667147860659
"Miss The Rage (feat. Playboi Carti) - Trippie Redd, Playboi Carti.m4a","Miss The Rage (feat. Playboi Carti)   Trippie Redd, Playboi Carti",237.88843537414965,151.99908088235293,0.2346906214952469,1.0,0.2507174015045166,0.23444108826209567,22.141368014490663,0.8105745315551758,3.8001006588579798
5  TINT - Travis Scott.m4a,5  TINT   Travis Scott,197.71791383219954,143.5546875,0.2178940623998642,1.0,0.145331010222435,0.2259230341190427,23.134919591350577,0.6098540425300598,1.937103181884909
NEW MAGIC WAND - Tyler  The Creator.m4a,NEW MAGIC WAND   Tyler  The Creator,195.3364172335601,143.5546875,0.23210527002811432,1.0,0.11248806118965149,0.22876195440910596,23.74786477987198,0.5078247785568237,3.6193967822940736
Backseat Freestyle - Kendrick Lamar.m4a,Backseat Freestyle   Kendrick Lamar,284.5837641723356,151.99908088235293,0.1940547078847885,0.580083467066288,0.07430607825517654,0.21810651844580511,23.049513530613755,0.26413384079933167,2.645969639870268
Drip or Drown - Gunna.m4a,Drip or Drown   Gunna,126.18739229024943,117.45383522727273,0.381178617477417,1.0,0.17492060363292694,0.15163799746625517,23.727805408749845,0.6386157274246216,4.200102644017895
Mask Off - Future.m4a,Mask Off   Future,289.5528344671202,151.99908088235293,0.27077516913414,1.0,0.1514366716146469,0.12293311052753265,22.009929663910253,0.54326331615448,3.3085498947473937
"Into Your Arms (feat. Ava Max) - Witt Lowry, Ava Max.m4a","Into Your Arms (feat. Ava Max)   Witt Lowry, Ava Max",199.87736961451247,86.1328125,0.32645201683044434,1.0,0.10204140096902847,0.22898084942190497,22.60279958675002,0.4155943989753723,3.867371286158225
"Neon Guts (feat. Pharrell Williams) - Lil Uzi Vert, Pharrell Williams.m4a","Neon Guts (feat. Pharrell Williams)   Lil Uzi Vert, Pharrell Williams",259.4597732426304,117.45383522727273,0.2800367772579193,1.0,0.23967547714710236,0.21978103186186485,22.895987575413088,0.7935677766799927,2.882913180150349
In Da Club - 50 Cent.m4a,In Da Club   50 Cent,247.94267573696146,123.046875,0.28909075260162354,0.7041816413402557,0.07846375554800034,0.2015492370702578,22.251587318316304,0.34519582986831665,5.0777866144174935
"Low Life (feat. The Weeknd) - Future, The Weeknd.m4a","Low Life (feat. The Weeknd)   Future, The Weeknd",323.3378684807256,143.5546875,0.2531963884830475,1.0,0.13975094258785248,0.13510422404893233,23.216240361842214,0.5832231044769287,2.8422281754937164
"Who Dat Boy (feat. A$AP Rocky) - Tyler  The Creator, A$AP Rocky.m4a","Who Dat Boy (feat. A$AP Rocky)   Tyler  The Creator, A$AP Rocky",205.11201814058956,117.45383522727273,0.23430955410003662,1.0,0.185764878988266,0.21279915573181743,24.11619769727312,0.7576395869255066,3.2908846888598013
Magic - Yung Gravy.m4a,Magic   Yung Gravy,176.00725623582767,107.666015625,0.39800092577934265,1.0,0.20001110434532166,0.2248940222070306,22.723064354861616,0.7330829501152039,4.227098449868074
Praise God - Kanye West.m4a,Praise God   Kanye West,226.71963718820862,117.45383522727273,0.33024585247039795,1.0,0.18903130292892456,0.18533289362897726,23.0037902715508,0.697944164276123,3.4094973403574356
"Realer N Realer - Future, Juice WRLD.m4a","Realer N Realer   Future, Juice WRLD",172.40816326530611,151.99908088235293,0.3638487160205841,1.0,0.14945343136787415,0.2146191275798184,23.810011354006637,0.6033897995948792,4.529947916666667
Day 'N' Nite (Nightmare) - Kid Cudi.m4a,Day 'N' Nite (Nightmare)   Kid Cudi,221.4719274376417,135.99917763157896,0.2748921811580658,1.0,0.15241684019565582,0.15468850058803754,22.33144262121015,0.6705499887466431,3.521891054204236
Gassed Up - Nebu Kiniza.m4a,Gassed Up   Nebu Kiniza,195.58167800453515,151.99908088235293,0.30979400873184204,0.9219619631767273,0.1207391694188118,0.19505694074463426,23.221171937439145,0.3408922851085663,3.8091502619316158
"The Motto - Drake, Lil Wayne.m4a","The Motto   Drake, Lil Wayne",242.23056689342403,99.38401442307692,0.298960417509079,0.17626874148845673,0.018523799255490303,0.278539354769294,22.252001701098123,0.0887012854218483,3.104480205138037
"Love Hurts (feat. Toosii) - Lil Tjay, Toosii.m4a","Love Hurts (feat. Toosii)   Lil Tjay, Toosii",246.89777777777778,92.28515625,0.2230004519224167,0.3521896153688431,0.051023755222558975,0.1796665625110551,24.782798541800265,0.5629778504371643,2.993141561059908
No Heart - YNW Melly.m4a,No Heart   YNW Melly,230.2490702947846,103.359375,0.18647313117980957,1.0,0.18296146392822266,0.188045587337522,23.993606362346277,0.6919829845428467,2.753539891337233
Swang - Rae Sremmurd.m4a,Swang   Rae Sremmurd,228.69333333333333,143.5546875,0.19593949615955353,1.0,0.1538475900888443,0.15115855283833488,23.406023746480816,0.6487160921096802,2.348122667910448
"The Jungle Book - Trippie Redd, Lil Wop.m4a","The Jungle Book   Trippie Redd, Lil Wop",160.61242630385487,172.265625,0.22346827387809753,1.0,0.20565344393253326,0.25325508010220404,22.06811912234231,0.7215056419372559,3.3683570595995374
"Girls Need Love (with Drake) - Remix - Summer Walker, Drake.m4a","Girls Need Love (with Drake)   Remix   Summer Walker, Drake",221.58802721088435,95.703125,0.24861986935138702,1.0,0.15170520544052124,0.17005183359226425,23.973338254779687,0.7142499089241028,2.766394952452059
"Love Me - Lil Wayne, Drake, Future.m4a","Love Me   Lil Wayne, Drake, Future",264.96290249433105,123.046875,0.20958834886550903,0.688425600528717,0.06661786884069443,0.23840165224051,22.792211748041225,0.26314371824264526,2.702265084129349
A Milli - Lil Wayne.m4a,A Milli   Lil Wayne,245.29560090702947,103.359375,0.35243940353393555,1.0,0.1590382307767868,0.24363776207266014,23.54332223581822,0.5474578142166138,4.007409820498864
"Shotta Flow (feat. Blueface) [Remix] - NLE Choppa, Blueface.m4a","Shotta Flow (feat. Blueface) [Remix]   NLE Choppa, Blueface",176.6443537414966,117.45383522727273,0.3093658983707428,1.0,0.27170330286026,0.22713540038129867,23.29367706484257,0.8046756386756897,4.1042919552411705
"No Hands (feat. Roscoe Dash & Wale) - Waka Flocka Flame, Roscoe Dash, Wale.m4a","No Hands (feat. Roscoe Dash & Wale)   Waka Flocka Flame, Roscoe Dash, Wale",263.78884353741495,129.19921875,0.2388167381286621,1.0,0.1039571464061737,0.2496829285144073,22.864625749356517,0.5852692127227783,2.9379559408473486
Gyalchester - Drake.m4a,Gyalchester   Drake,189.22956916099773,129.19921875,0.3252742886543274,1.0,0.16872310638427734,0.15580052057112842,23.4032404631124,0.6891944408416748,3.5142499290595213
Distorted Records - A$AP Rocky.m4a,Distorted Records   A$AP Rocky,140.1425850340136,135.99917763157896,0.19615106284618378,1.0,0.16431912779808044,0.15025144986388841,21.31605574305306,0.7595956921577454,2.4546428904284077
"Yeah! (feat. Lil Jon & Ludacris) - USHER, Lil Jon, Ludacris.m4a","Yeah! (feat. Lil Jon & Ludacris)   USHER, Lil Jon, Ludacris",252.9814058956916,103.359375,0.4290459156036377,0.9273098409175873,0.06780623644590378,0.3126830495992478,24.38192453464373,0.3656935393810272,3.759169558857274
"Starboy - The Weeknd, Daft Punk.m4a","Starboy   The Weeknd, Daft Punk",273.3220861678005,92.28515625,0.2431853711605072,1.0,0.12658359110355377,0.1554449587734862,22.556344714587976,0.8205151557922363,4.072118779734092
"Met Gala (feat. Offset) - Gucci Mane, Offset.m4a","Met Gala (feat. Offset)   Gucci Mane, Offset",206.16997732426304,143.5546875,0.29704901576042175,1.0,0.08746844530105591,0.15644789959916477,22.731268605120448,0.3484906852245331,4.68060390035477
oui - Jeremih.m4a,oui   Jeremih,238.33977324263037,117.45383522727273,0.33606046438217163,1.0,0.12728513777256012,0.24524526127563992,23.072631871463926,0.6204104423522949,4.048841646826726
Often - The Weeknd.m4a,Often   The Weeknd,249.61451247165533,129.19921875,0.2880684733390808,1.0,0.13592807948589325,0.20034852382267113,24.140412949851218,0.6033722162246704,3.1488553779069766
HAHA - Lil Darkie.m4a,HAHA   Lil Darkie,160.01886621315194,151.99908088235293,0.20285163819789886,1.0,0.18581600487232208,0.2822567681013463,21.650082671128953,0.7522346377372742,3.0746374577147364
"Ric Flair Drip (with Metro Boomin) - Offset, Metro Boomin.m4a","Ric Flair Drip (with Metro Boomin)   Offset, Metro Boomin",188.49959183673468,99.38401442307692,0.41015568375587463,1.0,0.13898193836212158,0.14489110279907433,22.979778072662562,0.5717498064041138,3.888602584534368
goosebumps - Travis Scott.m4a,goosebumps   Travis Scott,250.52009070294784,129.19921875,0.2562483549118042,1.0,0.12491980940103531,0.2086203391831005,22.82614945415055,0.7070494294166565,3.261215488576328
"Chill Bill (feat. J. Davi$ & Spooks) - Rob $tone, J. Davi$, J Spooks.m4a","Chill Bill (feat. J. Davi$ & Spooks)   Rob $tone, J. Davi$, J Spooks",177.2016326530612,107.666015625,0.3455958068370819,1.0,0.16200856864452362,0.17402490785426922,24.399474564249395,0.6125370860099792,3.3464702955701338
The Hills - The Weeknd.m4a,The Hills   The Weeknd,234.24290249433108,112.34714673913044,0.16263297200202942,1.0,0.15056651830673218,0.16926171506399718,24.378153056715064,0.5583032965660095,2.0918456644032513
"Till I Collapse - Eminem, Nate Dogg.m4a","Till I Collapse   Eminem, Nate Dogg",297.9221768707483,86.1328125,0.3448205590248108,1.0,0.15113860368728638,0.21637594807718888,22.366577426672787,0.7245076298713684,3.6754564950532673
20 Min - Lil Uzi Vert.m4a,20 Min   Lil Uzi Vert,220.59972789115648,123.046875,0.4402949810028076,1.0,0.09839705377817154,0.24039726222157504,22.766606479455362,0.5759190320968628,4.768818212319169
Audi. - Smokepurpp.m4a,Audi.   Smokepurpp,158.73160997732427,123.046875,0.24863946437835693,1.0,0.26355502009391785,0.19759817636402063,21.144498999892388,0.7918318510055542,3.0050725250511996
Faucet Failure - Ski Mask The Slump God.m4a,Faucet Failure   Ski Mask The Slump God,155.4808163265306,99.38401442307692,0.3501293957233429,0.987655371427536,0.12796908617019653,0.2342504104306785,22.129563706715537,0.7192201614379883,4.270623319892473
This Could Be Us - Rae Sremmurd.m4a,This Could Be Us   Rae Sremmurd,298.5853968253968,143.5546875,0.2636941969394684,0.21268881857395172,0.03575553745031357,0.21714537302433562,22.437213757312634,0.1646067202091217,3.2520009696516063
"Off the Wall! - XXXTENTACION, Ski Mask The Slump God.m4a","Off the Wall!   XXXTENTACION, Ski Mask The Slump God",203.50984126984127,143.5546875,0.2857823669910431,1.0,0.1204013004899025,0.24011113614867866,23.166347337665133,0.5070366263389587,4.034202940148754
"rockstar - Post Malone, 21 Savage.m4a","rockstar   Post Malone, 21 Savage",218.16163265306122,161.4990234375,0.23665325343608856,1.0,0.132098987698555,0.14525756403701812,24.278415504267237,0.7099325656890869,2.864848380530444
Caroline - Aminé.m4a,Caroline   Aminé,248.89469387755102,117.45383522727273,0.22117574512958527,0.794161930680275,0.14062674343585968,0.22922206949142646,22.86878596759682,0.7272557616233826,2.4347646410579347
parents - YUNGBLUD.m4a,parents   YUNGBLUD,174.66049886621315,161.4990234375,0.3060168921947479,1.0,0.11348163336515427,0.2286871886703862,21.32201415955606,0.5398523211479187,3.5211167035030577
Nonstop - Drake.m4a,Nonstop   Drake,315.675283446712,103.359375,0.26698222756385803,1.0,0.14657069742679596,0.17538053409933077,21.031393725924733,0.5513756275177002,3.554285238139022
Ain't Shit - Doja Cat.m4a,Ain't Shit   Doja Cat,175.12489795918367,123.046875,0.28723007440567017,1.0,0.1735379993915558,0.21655847068663273,22.6181194105093,0.7919054627418518,2.706639692720764
Sky - Playboi Carti.m4a,Sky   Playboi Carti,192.21478458049887,143.5546875,0.18155734241008759,1.0,0.08619415014982224,0.2676471683597399,22.690558459182824,0.4964131712913513,3.444063896774583
"Space Cadet (feat. Gunna) - Metro Boomin, Gunna.m4a","Space Cadet (feat. Gunna)   Metro Boomin, Gunna",214.36662131519273,107.666015625,0.3036380410194397,0.7964710146188736,0.10644377022981644,0.19095622836820034,23.878746639467597,0.4280250668525696,3.092832251272747
After Party - Don Toliver.m4a,After Party   Don Toliver,168.0195918367347,107.666015625,0.2665982246398926,1.0,0.1451607048511505,0.18439034590380862,22.67545858780859,0.6747981309890747,4.088808885261194
Walk - Comethazine.m4a,Walk   Comethazine,139.31972789115648,107.666015625,0.2843643128871918,1.0,0.16046863794326782,0.18777273906882005,22.248610455237134,0.5947305560112,4.055419921875
"Love Hurts (feat. Travis Scott) - Playboi Carti, Travis Scott.m4a","Love Hurts (feat. Travis Scott)   Playboi Carti, Travis Scott",180.60480725623583,143.5546875,0.1929835081100464,1.0,0.09718675911426544,0.20007482904902224,23.787212430167255,0.5627424716949463,4.0032157005335565
"Daddy (feat. Rich The Kid) - Blueface, Rich The Kid.m4a","Daddy (feat. Rich The Kid)   Blueface, Rich The Kid",182.41596371882085,107.666015625,0.3304558992385864,0.6477586179971695,0.07820888608694077,0.1911447090167583,23.718868970397065,0.39952465891838074,4.215639817496181
"Ski - Young Stoner Life, Young Thug, Gunna.m4a","Ski   Young Stoner Life, Young Thug, Gunna",154.5055782312925,123.046875,0.37354013323783875,1.0,0.18529009819030762,0.2843789102045082,22.08414264561484,0.6185060739517212,4.427024628043283
"Hit 'Em Up - Single Version - 2Pac, Outlawz.m4a","Hit 'Em Up   Single Version   2Pac, Outlawz",269.86231292517004,95.703125,0.3782871961593628,1.0,0.08457741886377335,0.20961548576525962,23.009909352876495,0.4437290132045746,5.239709037816211
"Get Dripped (feat. Playboi Carti) - Lil Yachty, Playboi Carti.m4a","Get Dripped (feat. Playboi Carti)   Lil Yachty, Playboi Carti",159.26566893424035,129.19921875,0.2994304299354553,1.0,0.20743532478809357,0.24058823378189242,22.6380033823989,0.7152810096740723,4.3637778602930455
Purple Pills - D12.m4a,Purple Pills   D12,304.5166439909297,123.046875,0.2553689181804657,1.0,0.11259500682353973,0.20365257163473982,22.58477927858647,0.7286164164543152,3.86185787610029
Cha Cha - Freddie Dredd.m4a,Cha Cha   Freddie Dredd,208.2597732426304,129.19921875,0.33134397864341736,0.9874263405799866,0.12033005058765411,0.20630171518383114,23.24594458521288,0.5229555368423462,4.148664845579217
No Type - Rae Sremmurd.m4a,No Type   Rae Sremmurd,197.43927437641725,123.046875,0.29075777530670166,1.0,0.10722866654396057,0.18024182381083512,23.129423861532874,0.4859371483325958,3.3731890582735504
"Forgot About Dre - Dr. Dre, Eminem.m4a","Forgot About Dre   Dr. Dre, Eminem",314.37496598639456,135.99917763157896,0.2926402986049652,0.5376668646931648,0.05752400681376457,0.25213000176060835,22.50492653049568,0.5151832699775696,4.192445781630844
beibs in the trap - Travis Scott.m4a,beibs in the trap   Travis Scott,217.31555555555556,117.45383522727273,0.31015488505363464,1.0,0.14897124469280243,0.2491252107202778,23.667935750622217,0.6514589786529541,3.1198871073298426
"Wow. - Remix - Post Malone, Roddy Ricch, Tyga.m4a","Wow.   Remix   Post Malone, Roddy Ricch, Tyga",168.6465306122449,99.38401442307692,0.3586786091327667,0.825810506939888,0.08191189914941788,0.155980130945412,23.329214274453292,0.3521396219730377,3.8660741945477075
oops! - Yung Gravy.m4a,oops!   Yung Gravy,142.50086167800453,129.19921875,0.35029706358909607,1.0,0.15016508102416992,0.21996507697129036,21.19895040579793,0.6458447575569153,3.9999758126934988
ORANGE SODA - Baby Keem.m4a,ORANGE SODA   Baby Keem,146.40181405895692,172.265625,0.3330722153186798,0.9603898227214813,0.09614941477775574,0.18573085142546225,22.754193149128465,0.43602174520492554,4.077818323750991
No Role Modelz - J. Cole.m4a,No Role Modelz   J. Cole,292.9995464852608,99.38401442307692,0.2938283681869507,0.9440592676401138,0.13426576554775238,0.17606515117031418,22.67062611553307,0.6444644331932068,3.6757736075682903
Coma - $uicideboy$.m4a,Coma   $uicideboy$,137.77414965986395,117.45383522727273,0.3437229096889496,1.0,0.13475212454795837,0.2339841535997874,22.993321719713858,0.5583401918411255,3.4404131774371938
Die For You - The Weeknd.m4a,Die For You   The Weeknd,280.17197278911567,135.99917763157896,0.20037482678890228,1.0,0.08045858889818192,0.19294861493248497,22.953027063195563,0.43197718262672424,1.9952031405395323
